Typ,React_ms,Vanilla_ms
Kategori: Alla,268.33,160.38
Kategori: Elektronik,251.78,180.43
Kategori: Hem & Trädgård,1165.21,130.09
Kategori: Kläder,161.49,129.09
Kategori: Leksaker,222.97,186.19
Kategori: Sport,353.28,112.57
Sortering: Standard,205.7,131.94
Sortering: name,277.72,142.66
Sortering: price-asc,927.07,158.22
Sortering: price-desc,305.94,236.63
Sökning: Adidas,154.26,111.82
Sökning: Apple,165.61,112.29
Sökning: Elektronik,178.89,205.23
Sökning: H&M,148.45,139.7
Sökning: IKEA,157.86,111.16
Sökning: LG,155.46,133.81
Sökning: Nike,142.68,206.41
Sökning: Samsung,135.29,134.35
Sökning: Sony,106.71,111.64
Sökning: Sport,213.11,113.32
